-- MySQL dump 10.13  Distrib 8.0.44, for Win64 (x86_64)
--
-- Host: localhost    Database: toysgroup
-- ------------------------------------------------------
-- Server version	8.0.44

/*!40101 SET @OLD_CHARACTER_SET_CLIENT=@@CHARACTER_SET_CLIENT */;
/*!40101 SET @OLD_CHARACTER_SET_RESULTS=@@CHARACTER_SET_RESULTS */;
/*!40101 SET @OLD_COLLATION_CONNECTION=@@COLLATION_CONNECTION */;
/*!50503 SET NAMES utf8 */;
/*!40103 SET @OLD_TIME_ZONE=@@TIME_ZONE */;
/*!40103 SET TIME_ZONE='+00:00' */;
/*!40014 SET @OLD_UNIQUE_CHECKS=@@UNIQUE_CHECKS, UNIQUE_CHECKS=0 */;
/*!40014 SET @OLD_FOREIGN_KEY_CHECKS=@@FOREIGN_KEY_CHECKS, FOREIGN_KEY_CHECKS=0 */;
/*!40101 SET @OLD_SQL_MODE=@@SQL_MODE, SQL_MODE='NO_AUTO_VALUE_ON_ZERO' */;
/*!40111 SET @OLD_SQL_NOTES=@@SQL_NOTES, SQL_NOTES=0 */;

--
-- Table structure for table `categoria`
--

DROP TABLE IF EXISTS `categoria`;
/*!40101 SET @saved_cs_client     = @@character_set_client */;
/*!50503 SET character_set_client = utf8mb4 */;
CREATE TABLE `categoria` (
  `CodiceCategoria` int NOT NULL AUTO_INCREMENT,
  `NomeCategoria` varchar(45) DEFAULT NULL,
  PRIMARY KEY (`CodiceCategoria`)
) ENGINE=InnoDB AUTO_INCREMENT=6 DEFAULT CHARSET=utf8mb4 COLLATE=utf8mb4_0900_ai_ci;
/*!40101 SET character_set_client = @saved_cs_client */;

--
-- Dumping data for table `categoria`
--

LOCK TABLES `categoria` WRITE;
/*!40000 ALTER TABLE `categoria` DISABLE KEYS */;
INSERT INTO `categoria` VALUES (1,'Costruzioni'),(2,'Bambole e Action Figures'),(3,'Giochi da Tavolo e Puzzle'),(4,'Veicoli e Piste'),(5,'Educativi e Creativi');
/*!40000 ALTER TABLE `categoria` ENABLE KEYS */;
UNLOCK TABLES;

--
-- Table structure for table `prodotti`
--

DROP TABLE IF EXISTS `prodotti`;
/*!40101 SET @saved_cs_client     = @@character_set_client */;
/*!50503 SET character_set_client = utf8mb4 */;
CREATE TABLE `prodotti` (
  `CodiceProdotto` int NOT NULL AUTO_INCREMENT,
  `NomeProdotto` varchar(45) DEFAULT NULL,
  `CodiceCategoria` int DEFAULT NULL,
  `CostoStandard` int DEFAULT NULL,
  PRIMARY KEY (`CodiceProdotto`),
  KEY `FK_categoria_prodotti_CodiceCategoria` (`CodiceCategoria`),
  CONSTRAINT `FK_categoria_prodotti_CodiceCategoria` FOREIGN KEY (`CodiceCategoria`) REFERENCES `categoria` (`CodiceCategoria`)
) ENGINE=InnoDB AUTO_INCREMENT=256 DEFAULT CHARSET=utf8mb4 COLLATE=utf8mb4_0900_ai_ci;
/*!40101 SET character_set_client = @saved_cs_client */;

--
-- Dumping data for table `prodotti`
--

LOCK TABLES `prodotti` WRITE;
/*!40000 ALTER TABLE `prodotti` DISABLE KEYS */;
INSERT INTO `prodotti` VALUES (1,'Pista da Corsa Deluxe 6',2,19),(2,'Pista da Corsa Deluxe 106',2,169),(3,'Gioco da Tavolo Strategico 5',1,18),(4,'Gioco da Tavolo Strategico 105',1,168),(5,'Automobile Telecomandata 4',5,16),(6,'Automobile Telecomandata 104',5,166),(7,'Puzzle 1000 pezzi 3',4,15),(8,'Puzzle 1000 pezzi 103',4,165),(9,'Bambola Principessa 2',3,13),(10,'Bambola Principessa 102',3,163),(11,'Set Costruzioni Città 1',2,12),(12,'Set Costruzioni Città 101',2,162),(13,'Action Figure Eroe 100',1,160),(14,'Pista da Corsa Deluxe 16',2,34),(15,'Pista da Corsa Deluxe 116',2,184),(16,'Gioco da Tavolo Strategico 15',1,33),(17,'Gioco da Tavolo Strategico 115',1,183),(18,'Automobile Telecomandata 14',5,31),(19,'Automobile Telecomandata 114',5,181),(20,'Puzzle 1000 pezzi 13',4,30),(21,'Puzzle 1000 pezzi 113',4,180),(22,'Bambola Principessa 12',3,28),(23,'Bambola Principessa 112',3,178),(24,'Set Costruzioni Città 11',2,27),(25,'Set Costruzioni Città 111',2,177),(26,'Action Figure Eroe 10',1,25),(27,'Action Figure Eroe 110',1,175),(28,'Peluche Animale 27',3,51),(29,'Peluche Animale 127',3,201),(30,'Pista da Corsa Deluxe 26',2,49),(31,'Pista da Corsa Deluxe 126',2,199),(32,'Gioco da Tavolo Strategico 25',1,48),(33,'Gioco da Tavolo Strategico 125',1,198),(34,'Automobile Telecomandata 24',5,46),(35,'Automobile Telecomandata 124',5,196),(36,'Puzzle 1000 pezzi 23',4,45),(37,'Puzzle 1000 pezzi 123',4,195),(38,'Bambola Principessa 22',3,43),(39,'Bambola Principessa 122',3,193),(40,'Set Costruzioni Città 21',2,42),(41,'Set Costruzioni Città 121',2,192),(42,'Action Figure Eroe 20',1,40),(43,'Action Figure Eroe 120',1,190),(44,'Peluche Animale 37',3,66),(45,'Peluche Animale 137',3,216),(46,'Pista da Corsa Deluxe 36',2,64),(47,'Pista da Corsa Deluxe 136',2,214),(48,'Gioco da Tavolo Strategico 35',1,63),(49,'Gioco da Tavolo Strategico 135',1,213),(50,'Automobile Telecomandata 34',5,61),(51,'Automobile Telecomandata 134',5,211),(52,'Puzzle 1000 pezzi 33',4,60),(53,'Puzzle 1000 pezzi 133',4,210),(54,'Bambola Principessa 32',3,58),(55,'Bambola Principessa 132',3,208),(56,'Set Costruzioni Città 31',2,57),(57,'Set Costruzioni Città 131',2,207),(58,'Action Figure Eroe 30',1,55),(59,'Action Figure Eroe 130',1,205),(60,'Peluche Animale 47',3,81),(61,'Peluche Animale 147',3,231),(62,'Pista da Corsa Deluxe 46',2,79),(63,'Pista da Corsa Deluxe 146',2,229),(64,'Gioco da Tavolo Strategico 45',1,78),(65,'Gioco da Tavolo Strategico 145',1,228),(66,'Automobile Telecomandata 44',5,76),(67,'Automobile Telecomandata 144',5,226),(68,'Puzzle 1000 pezzi 43',4,75),(69,'Puzzle 1000 pezzi 143',4,225),(70,'Bambola Principessa 42',3,73),(71,'Bambola Principessa 142',3,223),(72,'Set Costruzioni Città 41',2,72),(73,'Set Costruzioni Città 141',2,222),(74,'Action Figure Eroe 40',1,70),(75,'Action Figure Eroe 140',1,220),(76,'Peluche Animale 57',3,96),(77,'Peluche Animale 157',3,246),(78,'Pista da Corsa Deluxe 56',2,94),(79,'Pista da Corsa Deluxe 156',2,244),(80,'Gioco da Tavolo Strategico 55',1,93),(81,'Gioco da Tavolo Strategico 155',1,243),(82,'Automobile Telecomandata 54',5,91),(83,'Automobile Telecomandata 154',5,241),(84,'Puzzle 1000 pezzi 53',4,90),(85,'Puzzle 1000 pezzi 153',4,240),(86,'Bambola Principessa 52',3,88),(87,'Bambola Principessa 152',3,238),(88,'Set Costruzioni Città 51',2,87),(89,'Set Costruzioni Città 151',2,237),(90,'Action Figure Eroe 50',1,85),(91,'Action Figure Eroe 150',1,235),(92,'Peluche Animale 67',3,111),(93,'Peluche Animale 167',3,261),(94,'Pista da Corsa Deluxe 66',2,109),(95,'Pista da Corsa Deluxe 166',2,259),(96,'Gioco da Tavolo Strategico 65',1,108),(97,'Gioco da Tavolo Strategico 165',1,258),(98,'Automobile Telecomandata 64',5,106),(99,'Automobile Telecomandata 164',5,256),(100,'Puzzle 1000 pezzi 63',4,105),(101,'Puzzle 1000 pezzi 163',4,255),(102,'Bambola Principessa 62',3,103),(103,'Bambola Principessa 162',3,253),(104,'Set Costruzioni Città 61',2,102),(105,'Set Costruzioni Città 161',2,252),(106,'Action Figure Eroe 60',1,100),(107,'Action Figure Eroe 160',1,250),(108,'Peluche Animale 77',3,126),(109,'Peluche Animale 177',3,276),(110,'Pista da Corsa Deluxe 76',2,124),(111,'Pista da Corsa Deluxe 176',2,274),(112,'Gioco da Tavolo Strategico 75',1,123),(113,'Gioco da Tavolo Strategico 175',1,273),(114,'Automobile Telecomandata 74',5,121),(115,'Automobile Telecomandata 174',5,271),(116,'Puzzle 1000 pezzi 73',4,120),(117,'Puzzle 1000 pezzi 173',4,270),(118,'Bambola Principessa 72',3,118),(119,'Bambola Principessa 172',3,268),(120,'Set Costruzioni Città 71',2,117),(121,'Set Costruzioni Città 171',2,267),(122,'Action Figure Eroe 70',1,115),(123,'Action Figure Eroe 170',1,265),(124,'Peluche Animale 87',3,141),(125,'Peluche Animale 187',3,291),(126,'Pista da Corsa Deluxe 86',2,139),(127,'Pista da Corsa Deluxe 186',2,289),(128,'Gioco da Tavolo Strategico 85',1,138),(129,'Gioco da Tavolo Strategico 185',1,288),(130,'Automobile Telecomandata 84',5,136),(131,'Automobile Telecomandata 184',5,286),(132,'Puzzle 1000 pezzi 83',4,135),(133,'Puzzle 1000 pezzi 183',4,285),(134,'Bambola Principessa 82',3,133),(135,'Bambola Principessa 182',3,283),(136,'Set Costruzioni Città 81',2,132),(137,'Set Costruzioni Città 181',2,282),(138,'Action Figure Eroe 80',1,130),(139,'Action Figure Eroe 180',1,280),(140,'Peluche Animale 97',3,156),(141,'Peluche Animale 197',3,306),(142,'Pista da Corsa Deluxe 96',2,154),(143,'Pista da Corsa Deluxe 196',2,304),(144,'Gioco da Tavolo Strategico 95',1,153),(145,'Gioco da Tavolo Strategico 195',1,303),(146,'Automobile Telecomandata 94',5,151),(147,'Automobile Telecomandata 194',5,301),(148,'Puzzle 1000 pezzi 93',4,150),(149,'Puzzle 1000 pezzi 193',4,300),(150,'Bambola Principessa 92',3,148),(151,'Bambola Principessa 192',3,298),(152,'Set Costruzioni Città 91',2,147),(153,'Set Costruzioni Città 191',2,297),(154,'Action Figure Eroe 90',1,145),(155,'Action Figure Eroe 190',1,295),(156,'Kit Scientifico 9',5,24),(157,'Kit Scientifico 109',5,174),(158,'Strumento Musicale Giocattolo 8',4,22),(159,'Strumento Musicale Giocattolo 108',4,172),(160,'Peluche Animale 7',3,21),(161,'Peluche Animale 107',3,171),(162,'Kit Scientifico 19',5,39),(163,'Kit Scientifico 119',5,189),(164,'Strumento Musicale Giocattolo 18',4,37),(165,'Strumento Musicale Giocattolo 118',4,187),(166,'Peluche Animale 17',3,36),(167,'Peluche Animale 117',3,186),(168,'Kit Scientifico 29',5,54),(169,'Kit Scientifico 129',5,204),(170,'Strumento Musicale Giocattolo 28',4,52),(171,'Strumento Musicale Giocattolo 128',4,202),(172,'Kit Scientifico 39',5,69),(173,'Kit Scientifico 139',5,219),(174,'Strumento Musicale Giocattolo 38',4,67),(175,'Strumento Musicale Giocattolo 138',4,217),(176,'Kit Scientifico 49',5,84),(177,'Kit Scientifico 149',5,234),(178,'Strumento Musicale Giocattolo 48',4,82),(179,'Strumento Musicale Giocattolo 148',4,232),(180,'Kit Scientifico 59',5,99),(181,'Kit Scientifico 159',5,249),(182,'Strumento Musicale Giocattolo 58',4,97),(183,'Strumento Musicale Giocattolo 158',4,247),(184,'Kit Scientifico 69',5,114),(185,'Kit Scientifico 169',5,264),(186,'Strumento Musicale Giocattolo 68',4,112),(187,'Strumento Musicale Giocattolo 168',4,262),(188,'Kit Scientifico 79',5,129),(189,'Kit Scientifico 179',5,279),(190,'Strumento Musicale Giocattolo 78',4,127),(191,'Strumento Musicale Giocattolo 178',4,277),(192,'Kit Scientifico 89',5,144),(193,'Kit Scientifico 189',5,294),(194,'Strumento Musicale Giocattolo 88',4,142),(195,'Strumento Musicale Giocattolo 188',4,292),(196,'Kit Scientifico 99',5,159),(197,'Kit Scientifico 199',5,309),(198,'Strumento Musicale Giocattolo 98',4,157),(199,'Strumento Musicale Giocattolo 198',4,307);
/*!40000 ALTER TABLE `prodotti` ENABLE KEYS */;
UNLOCK TABLES;

--
-- Table structure for table `regioni`
--

DROP TABLE IF EXISTS `regioni`;
/*!40101 SET @saved_cs_client     = @@character_set_client */;
/*!50503 SET character_set_client = utf8mb4 */;
CREATE TABLE `regioni` (
  `CodicePaese` int NOT NULL AUTO_INCREMENT,
  `NomePaese` varchar(45) DEFAULT NULL,
  `NomeRegione` varchar(45) DEFAULT NULL,
  PRIMARY KEY (`CodicePaese`)
) ENGINE=InnoDB AUTO_INCREMENT=21 DEFAULT CHARSET=utf8mb4 COLLATE=utf8mb4_0900_ai_ci;
/*!40101 SET character_set_client = @saved_cs_client */;

--
-- Dumping data for table `regioni`
--

LOCK TABLES `regioni` WRITE;
/*!40000 ALTER TABLE `regioni` DISABLE KEYS */;
INSERT INTO `regioni` VALUES (1,'Italia','Lombardia'),(2,'Italia','Lazio'),(3,'Italia','Campania'),(4,'Germania','Baviera'),(5,'Germania','Assia'),(6,'Francia','Île-de-France'),(7,'Spagna','Catalogna'),(8,'Regno Unito','Inghilterra'),(9,'Stati Uniti','California'),(10,'Stati Uniti','New York'),(11,'Italia','Lombardia'),(12,'Italia','Lazio'),(13,'Italia','Campania'),(14,'Germania','Baviera'),(15,'Germania','Assia'),(16,'Francia','Île-de-France'),(17,'Spagna','Catalogna'),(18,'Regno Unito','Inghilterra'),(19,'Stati Uniti','California'),(20,'Stati Uniti','New York');
/*!40000 ALTER TABLE `regioni` ENABLE KEYS */;
UNLOCK TABLES;

--
-- Table structure for table `sales`
--

DROP TABLE IF EXISTS `sales`;
/*!40101 SET @saved_cs_client     = @@character_set_client */;
/*!50503 SET character_set_client = utf8mb4 */;
CREATE TABLE `sales` (
  `NumeroOrdineVendita` int NOT NULL,
  `LineaOrdineVendita` int NOT NULL,
  `DataOrdine` date DEFAULT NULL,
  `QuantitaOrdine` int DEFAULT NULL,
  `CodiceProdotto` int DEFAULT NULL,
  `CodiceCategoria` int DEFAULT NULL,
  `CodicePaese` int DEFAULT NULL,
  `PrezzoUnita` decimal(10,2) DEFAULT NULL,
  `PrezzoVendita` decimal(10,2) DEFAULT NULL,
  PRIMARY KEY (`NumeroOrdineVendita`,`LineaOrdineVendita`),
  KEY `FK_Sales_Prodotto` (`CodiceProdotto`),
  KEY `FK_Sales_Categoria` (`CodiceCategoria`),
  KEY `FK_Sales_Paese` (`CodicePaese`),
  CONSTRAINT `FK_Sales_Categoria` FOREIGN KEY (`CodiceCategoria`) REFERENCES `categoria` (`CodiceCategoria`),
  CONSTRAINT `FK_Sales_Paese` FOREIGN KEY (`CodicePaese`) REFERENCES `regioni` (`CodicePaese`),
  CONSTRAINT `FK_Sales_Prodotto` FOREIGN KEY (`CodiceProdotto`) REFERENCES `prodotti` (`CodiceProdotto`),
  CONSTRAINT `sales_chk_1` CHECK ((`QuantitaOrdine` > 0)),
  CONSTRAINT `sales_chk_2` CHECK ((`PrezzoUnita` >= 0)),
  CONSTRAINT `sales_chk_3` CHECK ((`PrezzoVendita` >= 0))
) ENGINE=InnoDB DEFAULT CHARSET=utf8mb4 COLLATE=utf8mb4_0900_ai_ci;
/*!40101 SET character_set_client = @saved_cs_client */;

--
-- Dumping data for table `sales`
--

LOCK TABLES `sales` WRITE;
/*!40000 ALTER TABLE `sales` DISABLE KEYS */;
INSERT INTO `sales` VALUES (1,1,'2024-01-02',2,2,2,2,16.10,16.25),(1,2,'2024-01-03',3,3,3,3,17.20,17.50),(1,3,'2024-01-04',4,4,4,4,18.30,18.75),(1,4,'2024-01-05',5,5,5,5,19.40,20.00),(1,5,'2024-01-06',1,6,1,6,20.50,21.25),(2,1,'2024-01-07',2,7,2,7,21.60,22.50),(2,2,'2024-01-08',3,8,3,8,22.70,23.75),(2,3,'2024-01-09',4,9,4,9,23.80,25.00),(2,4,'2024-01-10',5,10,5,10,24.90,26.25),(2,5,'2024-01-11',1,11,1,1,16.00,16.00),(3,1,'2024-01-12',2,12,2,2,17.10,17.25),(3,2,'2024-01-13',3,13,3,3,18.20,18.50),(3,3,'2024-01-14',4,14,4,4,19.30,19.75),(3,4,'2024-01-15',5,15,5,5,20.40,21.00),(3,5,'2024-01-16',1,16,1,6,21.50,22.25),(4,1,'2024-01-17',2,17,2,7,22.60,23.50),(4,2,'2024-01-18',3,18,3,8,23.70,24.75),(4,3,'2024-01-19',4,19,4,9,24.80,26.00),(4,4,'2024-01-20',5,20,5,10,25.90,27.25),(4,5,'2024-01-21',1,21,1,1,17.00,17.00),(5,1,'2024-01-22',2,22,2,2,18.10,18.25),(5,2,'2024-01-23',3,23,3,3,19.20,19.50),(5,3,'2024-01-24',4,24,4,4,20.30,20.75),(5,4,'2024-01-25',5,25,5,5,21.40,22.00),(5,5,'2024-01-26',1,26,1,6,22.50,23.25),(6,1,'2024-01-27',2,27,2,7,23.60,24.50),(6,2,'2024-01-28',3,28,3,8,24.70,25.75),(6,3,'2024-01-29',4,29,4,9,25.80,27.00),(6,4,'2024-01-30',5,30,5,10,26.90,28.25),(6,5,'2024-01-31',1,31,1,1,18.00,18.00),(7,1,'2024-02-01',2,32,2,2,19.10,19.25),(7,2,'2024-02-02',3,33,3,3,20.20,20.50),(7,3,'2024-02-03',4,34,4,4,21.30,21.75),(7,4,'2024-02-04',5,35,5,5,22.40,23.00),(7,5,'2024-02-05',1,36,1,6,23.50,24.25),(8,1,'2024-02-06',2,37,2,7,24.60,25.50),(8,2,'2024-02-07',3,38,3,8,25.70,26.75),(8,3,'2024-02-08',4,39,4,9,26.80,28.00),(8,4,'2024-02-09',5,40,5,10,27.90,29.25),(8,5,'2024-02-10',1,41,1,1,19.00,19.00),(9,1,'2024-02-11',2,42,2,2,20.10,20.25),(9,2,'2024-02-12',3,43,3,3,21.20,21.50),(9,3,'2024-02-13',4,44,4,4,22.30,22.75),(9,4,'2024-02-14',5,45,5,5,23.40,24.00),(9,5,'2024-02-15',1,46,1,6,24.50,25.25),(10,1,'2024-02-16',2,47,2,7,25.60,26.50),(10,2,'2024-02-17',3,48,3,8,26.70,27.75),(10,3,'2024-02-18',4,49,4,9,27.80,29.00),(10,4,'2024-02-19',5,50,5,10,28.90,30.25),(10,5,'2024-02-20',1,51,1,1,20.00,20.00),(11,1,'2024-02-21',2,52,2,2,21.10,21.25),(11,2,'2024-02-22',3,53,3,3,22.20,22.50),(11,3,'2024-02-23',4,54,4,4,23.30,23.75),(11,4,'2024-02-24',5,55,5,5,24.40,25.00),(11,5,'2024-02-25',1,56,1,6,25.50,26.25),(12,1,'2024-02-26',2,57,2,7,26.60,27.50),(12,2,'2024-02-27',3,58,3,8,27.70,28.75),(12,3,'2024-02-28',4,59,4,9,28.80,30.00),(12,4,'2024-02-29',5,60,5,10,29.90,31.25),(12,5,'2024-03-01',1,61,1,1,21.00,21.00),(13,1,'2024-03-02',2,62,2,2,22.10,22.25),(13,2,'2024-03-03',3,63,3,3,23.20,23.50),(13,3,'2024-03-04',4,64,4,4,24.30,24.75),(13,4,'2024-03-05',5,65,5,5,25.40,26.00),(13,5,'2024-03-06',1,66,1,6,26.50,27.25),(14,1,'2024-03-07',2,67,2,7,27.60,28.50),(14,2,'2024-03-08',3,68,3,8,28.70,29.75),(14,3,'2024-03-09',4,69,4,9,29.80,31.00),(14,4,'2024-03-10',5,70,5,10,30.90,32.25),(14,5,'2024-03-11',1,71,1,1,22.00,22.00),(15,1,'2024-03-12',2,72,2,2,23.10,23.25),(15,2,'2024-03-13',3,73,3,3,24.20,24.50),(15,3,'2024-03-14',4,74,4,4,25.30,25.75),(15,4,'2024-03-15',5,75,5,5,26.40,27.00),(15,5,'2024-03-16',1,76,1,6,27.50,28.25),(16,1,'2024-03-17',2,77,2,7,28.60,29.50),(16,2,'2024-03-18',3,78,3,8,29.70,30.75),(16,3,'2024-03-19',4,79,4,9,30.80,32.00),(16,4,'2024-03-20',5,80,5,10,31.90,33.25),(16,5,'2024-03-21',1,81,1,1,23.00,23.00),(17,1,'2024-03-22',2,82,2,2,24.10,24.25),(17,2,'2024-03-23',3,83,3,3,25.20,25.50),(17,3,'2024-03-24',4,84,4,4,26.30,26.75),(17,4,'2024-03-25',5,85,5,5,27.40,28.00),(17,5,'2024-03-26',1,86,1,6,28.50,29.25),(18,1,'2024-03-27',2,87,2,7,29.60,30.50),(18,2,'2024-03-28',3,88,3,8,30.70,31.75),(18,3,'2024-03-29',4,89,4,9,31.80,33.00),(18,4,'2024-03-30',5,90,5,10,32.90,34.25),(18,5,'2024-03-31',1,91,1,1,24.00,24.00),(19,1,'2024-04-01',2,92,2,2,25.10,25.25),(19,2,'2024-04-02',3,93,3,3,26.20,26.50),(19,3,'2024-04-03',4,94,4,4,27.30,27.75),(19,4,'2024-04-04',5,95,5,5,28.40,29.00),(19,5,'2024-04-05',1,96,1,6,29.50,30.25),(20,1,'2024-04-06',2,97,2,7,30.60,31.50),(20,2,'2024-04-07',3,98,3,8,31.70,32.75),(20,3,'2024-04-08',4,99,4,9,32.80,34.00),(20,4,'2024-04-09',5,100,5,10,33.90,35.25),(20,5,'2024-04-10',1,101,1,1,25.00,25.00),(21,1,'2024-04-11',2,102,2,2,26.10,26.25),(21,2,'2024-04-12',3,103,3,3,27.20,27.50),(21,3,'2024-04-13',4,104,4,4,28.30,28.75),(21,4,'2024-04-14',5,105,5,5,29.40,30.00),(21,5,'2024-04-15',1,106,1,6,30.50,31.25),(22,1,'2024-04-16',2,107,2,7,31.60,32.50),(22,2,'2024-04-17',3,108,3,8,32.70,33.75),(22,3,'2024-04-18',4,109,4,9,33.80,35.00),(22,4,'2024-04-19',5,110,5,10,34.90,36.25),(22,5,'2024-04-20',1,111,1,1,26.00,26.00),(23,1,'2024-04-21',2,112,2,2,27.10,27.25),(23,2,'2024-04-22',3,113,3,3,28.20,28.50),(23,3,'2024-04-23',4,114,4,4,29.30,29.75),(23,4,'2024-04-24',5,115,5,5,30.40,31.00),(23,5,'2024-04-25',1,116,1,6,31.50,32.25),(24,1,'2024-04-26',2,117,2,7,32.60,33.50),(24,2,'2024-04-27',3,118,3,8,33.70,34.75),(24,3,'2024-04-28',4,119,4,9,34.80,36.00),(24,4,'2024-04-29',5,120,5,10,35.90,37.25),(24,5,'2024-04-30',1,121,1,1,27.00,27.00),(25,1,'2024-05-01',2,122,2,2,28.10,28.25),(25,2,'2024-05-02',3,123,3,3,29.20,29.50),(25,3,'2024-05-03',4,124,4,4,30.30,30.75),(25,4,'2024-05-04',5,125,5,5,31.40,32.00),(25,5,'2024-05-05',1,126,1,6,32.50,33.25),(26,1,'2024-05-06',2,127,2,7,33.60,34.50),(26,2,'2024-05-07',3,128,3,8,34.70,35.75),(26,3,'2024-05-08',4,129,4,9,35.80,37.00),(26,4,'2024-05-09',5,130,5,10,36.90,38.25),(26,5,'2024-05-10',1,131,1,1,28.00,28.00),(27,1,'2024-05-11',2,132,2,2,29.10,29.25),(27,2,'2024-05-12',3,133,3,3,30.20,30.50),(27,3,'2024-05-13',4,134,4,4,31.30,31.75),(27,4,'2024-05-14',5,135,5,5,32.40,33.00),(27,5,'2024-05-15',1,136,1,6,33.50,34.25),(28,1,'2024-05-16',2,137,2,7,34.60,35.50),(28,2,'2024-05-17',3,138,3,8,35.70,36.75),(28,3,'2024-05-18',4,139,4,9,36.80,38.00),(28,4,'2024-05-19',5,140,5,10,37.90,39.25),(28,5,'2024-05-20',1,141,1,1,29.00,29.00),(29,1,'2024-05-21',2,142,2,2,30.10,30.25),(29,2,'2024-05-22',3,143,3,3,31.20,31.50),(29,3,'2024-05-23',4,144,4,4,32.30,32.75),(29,4,'2024-05-24',5,145,5,5,33.40,34.00),(29,5,'2024-05-25',1,146,1,6,34.50,35.25),(30,1,'2024-05-26',2,147,2,7,35.60,36.50),(30,2,'2024-05-27',3,148,3,8,36.70,37.75),(30,3,'2024-05-28',4,149,4,9,37.80,39.00),(30,4,'2024-05-29',5,150,5,10,38.90,40.25),(30,5,'2024-05-30',1,151,1,1,30.00,30.00),(31,1,'2024-05-31',2,152,2,2,31.10,31.25),(31,2,'2024-06-01',3,153,3,3,32.20,32.50),(31,3,'2024-06-02',4,154,4,4,33.30,33.75),(31,4,'2024-06-03',5,155,5,5,34.40,35.00),(31,5,'2024-06-04',1,156,1,6,35.50,36.25),(32,1,'2024-06-05',2,157,2,7,36.60,37.50),(32,2,'2024-06-06',3,158,3,8,37.70,38.75),(32,3,'2024-06-07',4,159,4,9,38.80,40.00),(32,4,'2024-06-08',5,160,5,10,39.90,41.25),(32,5,'2024-06-09',1,161,1,1,31.00,31.00),(33,1,'2024-06-10',2,162,2,2,32.10,32.25),(33,2,'2024-06-11',3,163,3,3,33.20,33.50),(33,3,'2024-06-12',4,164,4,4,34.30,34.75),(33,4,'2024-06-13',5,165,5,5,35.40,36.00),(33,5,'2024-06-14',1,166,1,6,36.50,37.25),(34,1,'2024-06-15',2,167,2,7,37.60,38.50),(34,2,'2024-06-16',3,168,3,8,38.70,39.75),(34,3,'2024-06-17',4,169,4,9,39.80,41.00),(34,4,'2024-06-18',5,170,5,10,40.90,42.25),(34,5,'2024-06-19',1,171,1,1,32.00,32.00),(35,1,'2024-06-20',2,172,2,2,33.10,33.25),(35,2,'2024-06-21',3,173,3,3,34.20,34.50),(35,3,'2024-06-22',4,174,4,4,35.30,35.75),(35,4,'2024-06-23',5,175,5,5,36.40,37.00),(35,5,'2024-06-24',1,176,1,6,37.50,38.25),(36,1,'2024-06-25',2,177,2,7,38.60,39.50),(36,2,'2024-06-26',3,178,3,8,39.70,40.75),(36,3,'2024-06-27',4,179,4,9,40.80,42.00),(36,4,'2024-06-28',5,180,5,10,41.90,43.25),(36,5,'2024-06-29',1,181,1,1,33.00,33.00),(37,1,'2024-06-30',2,182,2,2,34.10,34.25),(37,2,'2024-07-01',3,183,3,3,35.20,35.50),(37,3,'2024-07-02',4,184,4,4,36.30,36.75),(37,4,'2024-07-03',5,185,5,5,37.40,38.00),(37,5,'2024-07-04',1,186,1,6,38.50,39.25),(38,1,'2024-07-05',2,187,2,7,39.60,40.50),(38,2,'2024-07-06',3,188,3,8,40.70,41.75),(38,3,'2024-07-07',4,189,4,9,41.80,43.00),(38,4,'2024-07-08',5,190,5,10,42.90,44.25),(38,5,'2024-07-09',1,191,1,1,34.00,34.00),(39,1,'2024-07-10',2,192,2,2,35.10,35.25),(39,2,'2024-07-11',3,193,3,3,36.20,36.50),(39,3,'2024-07-12',4,194,4,4,37.30,37.75),(39,4,'2024-07-13',5,195,5,5,38.40,39.00),(39,5,'2024-07-14',1,196,1,6,39.50,40.25),(40,1,'2024-07-15',2,197,2,7,40.60,41.50),(40,2,'2024-07-16',3,198,3,8,41.70,42.75),(40,3,'2024-07-17',4,199,4,9,42.80,44.00),(40,4,'2024-07-18',5,1,5,10,43.90,45.25),(40,5,'2024-07-19',1,2,1,1,35.00,35.00),(41,1,'2024-07-20',2,3,2,2,36.10,36.25),(41,2,'2024-07-21',3,4,3,3,37.20,37.50),(41,3,'2024-07-22',4,5,4,4,38.30,38.75),(41,4,'2024-07-23',5,6,5,5,39.40,40.00),(41,5,'2024-07-24',1,7,1,6,40.50,41.25),(42,1,'2024-07-25',2,8,2,7,41.60,42.50),(42,2,'2024-07-26',3,9,3,8,42.70,43.75),(42,3,'2024-07-27',4,10,4,9,43.80,45.00),(42,4,'2024-07-28',5,11,5,10,44.90,46.25),(42,5,'2024-07-29',1,12,1,1,36.00,36.00),(43,1,'2024-07-30',2,13,2,2,37.10,37.25),(43,2,'2024-07-31',3,14,3,3,38.20,38.50),(43,3,'2024-08-01',4,15,4,4,39.30,39.75),(43,4,'2024-08-02',5,16,5,5,40.40,41.00),(43,5,'2024-08-03',1,17,1,6,41.50,42.25),(44,1,'2024-08-04',2,18,2,7,42.60,43.50),(44,2,'2024-08-05',3,19,3,8,43.70,44.75),(44,3,'2024-08-06',4,20,4,9,44.80,46.00),(44,4,'2024-08-07',5,21,5,10,45.90,47.25),(44,5,'2024-08-08',1,22,1,1,37.00,37.00),(45,1,'2024-08-09',2,23,2,2,38.10,38.25),(45,2,'2024-08-10',3,24,3,3,39.20,39.50),(45,3,'2024-08-11',4,25,4,4,40.30,40.75),(45,4,'2024-08-12',5,26,5,5,41.40,42.00),(45,5,'2024-08-13',1,27,1,6,42.50,43.25),(46,1,'2024-08-14',2,28,2,7,43.60,44.50),(46,2,'2024-08-15',3,29,3,8,44.70,45.75),(46,3,'2024-08-16',4,30,4,9,45.80,47.00),(46,4,'2024-08-17',5,31,5,10,46.90,48.25),(46,5,'2024-08-18',1,32,1,1,38.00,38.00),(47,1,'2024-08-19',2,33,2,2,39.10,39.25),(47,2,'2024-08-20',3,34,3,3,40.20,40.50),(47,3,'2024-08-21',4,35,4,4,41.30,41.75),(47,4,'2024-08-22',5,36,5,5,42.40,43.00),(47,5,'2024-08-23',1,37,1,6,43.50,44.25),(48,1,'2024-08-24',2,38,2,7,44.60,45.50),(48,2,'2024-08-25',3,39,3,8,45.70,46.75),(48,3,'2024-08-26',4,40,4,9,46.80,48.00),(48,4,'2024-08-27',5,41,5,10,47.90,49.25),(48,5,'2024-08-28',1,42,1,1,39.00,39.00),(49,1,'2024-08-29',2,43,2,2,40.10,40.25),(49,2,'2024-08-30',3,44,3,3,41.20,41.50),(49,3,'2024-08-31',4,45,4,4,42.30,42.75),(49,4,'2024-09-01',5,46,5,5,43.40,44.00),(49,5,'2024-09-02',1,47,1,6,44.50,45.25),(50,1,'2024-09-03',2,48,2,7,45.60,46.50),(50,2,'2024-09-04',3,49,3,8,46.70,47.75),(50,3,'2024-09-05',4,50,4,9,47.80,49.00),(50,4,'2024-09-06',5,51,5,10,48.90,50.25),(50,5,'2024-09-07',1,52,1,1,40.00,40.00),(51,1,'2024-09-08',2,53,2,2,41.10,41.25),(51,2,'2024-09-09',3,54,3,3,42.20,42.50),(51,3,'2024-09-10',4,55,4,4,43.30,43.75),(51,4,'2024-09-11',5,56,5,5,44.40,45.00),(51,5,'2024-09-12',1,57,1,6,45.50,46.25),(52,1,'2024-09-13',2,58,2,7,46.60,47.50),(52,2,'2024-09-14',3,59,3,8,47.70,48.75),(52,3,'2024-09-15',4,60,4,9,48.80,50.00),(52,4,'2024-09-16',5,61,5,10,49.90,51.25),(52,5,'2024-09-17',1,62,1,1,41.00,41.00),(53,1,'2024-09-18',2,63,2,2,42.10,42.25),(53,2,'2024-09-19',3,64,3,3,43.20,43.50),(53,3,'2024-09-20',4,65,4,4,44.30,44.75),(53,4,'2024-09-21',5,66,5,5,45.40,46.00),(53,5,'2024-09-22',1,67,1,6,46.50,47.25),(54,1,'2024-09-23',2,68,2,7,47.60,48.50),(54,2,'2024-09-24',3,69,3,8,48.70,49.75),(54,3,'2024-09-25',4,70,4,9,49.80,51.00),(54,4,'2024-09-26',5,71,5,10,50.90,52.25),(54,5,'2024-09-27',1,72,1,1,42.00,42.00),(55,1,'2024-09-28',2,73,2,2,43.10,43.25),(55,2,'2024-09-29',3,74,3,3,44.20,44.50),(55,3,'2024-09-30',4,75,4,4,45.30,45.75),(55,4,'2024-10-01',5,76,5,5,46.40,47.00),(55,5,'2024-10-02',1,77,1,6,47.50,48.25),(56,1,'2024-10-03',2,78,2,7,48.60,49.50),(56,2,'2024-10-04',3,79,3,8,49.70,50.75),(56,3,'2024-10-05',4,80,4,9,50.80,52.00),(56,4,'2024-10-06',5,81,5,10,51.90,53.25),(56,5,'2024-10-07',1,82,1,1,43.00,43.00),(57,1,'2024-10-08',2,83,2,2,44.10,44.25),(57,2,'2024-10-09',3,84,3,3,45.20,45.50),(57,3,'2024-10-10',4,85,4,4,46.30,46.75),(57,4,'2024-10-11',5,86,5,5,47.40,48.00),(57,5,'2024-10-12',1,87,1,6,48.50,49.25),(58,1,'2024-10-13',2,88,2,7,49.60,50.50),(58,2,'2024-10-14',3,89,3,8,50.70,51.75),(58,3,'2024-10-15',4,90,4,9,51.80,53.00),(58,4,'2024-10-16',5,91,5,10,52.90,54.25),(58,5,'2024-10-17',1,92,1,1,44.00,44.00),(59,1,'2024-10-18',2,93,2,2,45.10,45.25),(59,2,'2024-10-19',3,94,3,3,46.20,46.50),(59,3,'2024-10-20',4,95,4,4,47.30,47.75),(59,4,'2024-10-21',5,96,5,5,48.40,49.00),(59,5,'2024-10-22',1,97,1,6,49.50,50.25),(60,1,'2024-10-23',2,98,2,7,50.60,51.50),(60,2,'2024-10-24',3,99,3,8,51.70,52.75),(60,3,'2024-10-25',4,100,4,9,52.80,54.00),(60,4,'2024-10-26',5,101,5,10,53.90,55.25),(60,5,'2024-10-27',1,102,1,1,45.00,45.00),(61,1,'2024-10-28',2,103,2,2,46.10,46.25),(61,2,'2024-10-29',3,104,3,3,47.20,47.50),(61,3,'2024-10-30',4,105,4,4,48.30,48.75),(61,4,'2024-10-31',5,106,5,5,49.40,50.00),(61,5,'2024-11-01',1,107,1,6,50.50,51.25),(62,1,'2024-11-02',2,108,2,7,51.60,52.50),(62,2,'2024-11-03',3,109,3,8,52.70,53.75),(62,3,'2024-11-04',4,110,4,9,53.80,55.00),(62,4,'2024-11-05',5,111,5,10,54.90,56.25),(62,5,'2024-11-06',1,112,1,1,46.00,46.00),(63,1,'2024-11-07',2,113,2,2,47.10,47.25),(63,2,'2024-11-08',3,114,3,3,48.20,48.50),(63,3,'2024-11-09',4,115,4,4,49.30,49.75),(63,4,'2024-11-10',5,116,5,5,50.40,51.00),(63,5,'2024-11-11',1,117,1,6,51.50,52.25),(64,1,'2024-11-12',2,118,2,7,52.60,53.50),(64,2,'2024-11-13',3,119,3,8,53.70,54.75),(64,3,'2024-11-14',4,120,4,9,54.80,56.00),(64,4,'2024-11-15',5,121,5,10,55.90,57.25),(64,5,'2024-11-16',1,122,1,1,47.00,47.00),(65,1,'2024-11-17',2,123,2,2,48.10,48.25),(65,2,'2024-11-18',3,124,3,3,49.20,49.50),(65,3,'2024-11-19',4,125,4,4,50.30,50.75),(65,4,'2024-11-20',5,126,5,5,51.40,52.00),(65,5,'2024-11-21',1,127,1,6,52.50,53.25),(66,1,'2024-11-22',2,128,2,7,53.60,54.50),(66,2,'2024-11-23',3,129,3,8,54.70,55.75),(66,3,'2024-11-24',4,130,4,9,55.80,57.00),(66,4,'2024-11-25',5,131,5,10,56.90,58.25),(66,5,'2024-11-26',1,132,1,1,48.00,48.00),(67,1,'2024-11-27',2,133,2,2,49.10,49.25),(67,2,'2024-11-28',3,134,3,3,50.20,50.50),(67,3,'2024-11-29',4,135,4,4,51.30,51.75),(67,4,'2024-11-30',5,136,5,5,52.40,53.00),(67,5,'2024-12-01',1,137,1,6,53.50,54.25),(68,1,'2024-12-02',2,138,2,7,54.60,55.50),(68,2,'2024-12-03',3,139,3,8,55.70,56.75),(68,3,'2024-12-04',4,140,4,9,56.80,58.00),(68,4,'2024-12-05',5,141,5,10,57.90,59.25),(68,5,'2024-12-06',1,142,1,1,49.00,49.00),(69,1,'2024-12-07',2,143,2,2,50.10,50.25),(69,2,'2024-12-08',3,144,3,3,51.20,51.50),(69,3,'2024-12-09',4,145,4,4,52.30,52.75),(69,4,'2024-12-10',5,146,5,5,53.40,54.00),(69,5,'2024-12-11',1,147,1,6,54.50,55.25),(70,1,'2024-12-12',2,148,2,7,55.60,56.50),(70,2,'2024-12-13',3,149,3,8,56.70,57.75),(70,3,'2024-12-14',4,150,4,9,57.80,59.00),(70,4,'2024-12-15',5,151,5,10,58.90,60.25),(70,5,'2024-12-16',1,152,1,1,50.00,50.00),(71,1,'2024-12-17',2,153,2,2,51.10,51.25),(71,2,'2024-12-18',3,154,3,3,52.20,52.50),(71,3,'2024-12-19',4,155,4,4,53.30,53.75),(71,4,'2024-12-20',5,156,5,5,54.40,55.00),(71,5,'2024-12-21',1,157,1,6,55.50,56.25),(72,1,'2024-12-22',2,158,2,7,56.60,57.50),(72,2,'2024-12-23',3,159,3,8,57.70,58.75),(72,3,'2024-12-24',4,160,4,9,58.80,60.00),(72,4,'2024-12-25',5,161,5,10,59.90,61.25),(72,5,'2024-12-26',1,162,1,1,51.00,51.00),(73,1,'2024-12-27',2,163,2,2,52.10,52.25),(73,2,'2024-12-28',3,164,3,3,53.20,53.50),(73,3,'2024-12-29',4,165,4,4,54.30,54.75),(73,4,'2024-12-30',5,166,5,5,55.40,56.00),(73,5,'2024-12-31',1,167,1,6,56.50,57.25),(74,1,'2025-01-01',2,168,2,7,57.60,58.50),(74,2,'2025-01-02',3,169,3,8,58.70,59.75),(74,3,'2025-01-03',4,170,4,9,59.80,61.00),(74,4,'2025-01-04',5,171,5,10,60.90,62.25),(74,5,'2025-01-05',1,172,1,1,52.00,52.00),(75,1,'2025-01-06',2,173,2,2,53.10,53.25),(75,2,'2025-01-07',3,174,3,3,54.20,54.50),(75,3,'2025-01-08',4,175,4,4,55.30,55.75),(75,4,'2025-01-09',5,176,5,5,56.40,57.00),(75,5,'2025-01-10',1,177,1,6,57.50,58.25),(76,1,'2025-01-11',2,178,2,7,58.60,59.50),(76,2,'2025-01-12',3,179,3,8,59.70,60.75),(76,3,'2025-01-13',4,180,4,9,60.80,62.00),(76,4,'2025-01-14',5,181,5,10,61.90,63.25),(76,5,'2025-01-15',1,182,1,1,53.00,53.00),(77,1,'2025-01-16',2,183,2,2,54.10,54.25),(77,2,'2025-01-17',3,184,3,3,55.20,55.50),(77,3,'2025-01-18',4,185,4,4,56.30,56.75),(77,4,'2025-01-19',5,186,5,5,57.40,58.00),(77,5,'2025-01-20',1,187,1,6,58.50,59.25),(78,1,'2025-01-21',2,188,2,7,59.60,60.50),(78,2,'2025-01-22',3,189,3,8,60.70,61.75),(78,3,'2025-01-23',4,190,4,9,61.80,63.00),(78,4,'2025-01-24',5,191,5,10,62.90,64.25),(78,5,'2025-01-25',1,192,1,1,54.00,54.00),(79,1,'2025-01-26',2,193,2,2,55.10,55.25),(79,2,'2025-01-27',3,194,3,3,56.20,56.50),(79,3,'2025-01-28',4,195,4,4,57.30,57.75),(79,4,'2025-01-29',5,196,5,5,58.40,59.00),(79,5,'2025-01-30',1,197,1,6,59.50,60.25),(80,1,'2025-01-31',2,198,2,7,60.60,61.50),(80,2,'2025-02-01',3,199,3,8,61.70,62.75),(80,3,'2025-02-02',4,1,4,9,62.80,64.00),(80,4,'2025-02-03',5,2,5,10,63.90,65.25),(80,5,'2025-02-04',1,3,1,1,55.00,55.00),(81,1,'2025-02-05',2,4,2,2,56.10,56.25),(81,2,'2025-02-06',3,5,3,3,57.20,57.50),(81,3,'2025-02-07',4,6,4,4,58.30,58.75),(81,4,'2025-02-08',5,7,5,5,59.40,60.00),(81,5,'2025-02-09',1,8,1,6,60.50,61.25),(82,1,'2025-02-10',2,9,2,7,61.60,62.50),(82,2,'2025-02-11',3,10,3,8,62.70,63.75),(82,3,'2025-02-12',4,11,4,9,63.80,65.00),(82,4,'2025-02-13',5,12,5,10,64.90,66.25),(82,5,'2025-02-14',1,13,1,1,56.00,56.00),(83,1,'2025-02-15',2,14,2,2,57.10,57.25),(83,2,'2025-02-16',3,15,3,3,58.20,58.50),(83,3,'2025-02-17',4,16,4,4,59.30,59.75),(83,4,'2025-02-18',5,17,5,5,60.40,61.00),(83,5,'2025-02-19',1,18,1,6,61.50,62.25),(84,1,'2025-02-20',2,19,2,7,62.60,63.50),(84,2,'2025-02-21',3,20,3,8,63.70,64.75),(84,3,'2025-02-22',4,21,4,9,64.80,66.00),(84,4,'2025-02-23',5,22,5,10,65.90,67.25),(84,5,'2025-02-24',1,23,1,1,57.00,57.00),(85,1,'2025-02-25',2,24,2,2,58.10,58.25),(85,2,'2025-02-26',3,25,3,3,59.20,59.50),(85,3,'2025-02-27',4,26,4,4,60.30,60.75),(85,4,'2025-02-28',5,27,5,5,61.40,62.00),(85,5,'2025-03-01',1,28,1,6,62.50,63.25),(86,1,'2025-03-02',2,29,2,7,63.60,64.50),(86,2,'2025-03-03',3,30,3,8,64.70,65.75),(86,3,'2025-03-04',4,31,4,9,65.80,67.00),(86,4,'2025-03-05',5,32,5,10,66.90,68.25),(86,5,'2025-03-06',1,33,1,1,58.00,58.00),(87,1,'2025-03-07',2,34,2,2,59.10,59.25),(87,2,'2025-03-08',3,35,3,3,60.20,60.50),(87,3,'2025-03-09',4,36,4,4,61.30,61.75),(87,4,'2025-03-10',5,37,5,5,62.40,63.00),(87,5,'2025-03-11',1,38,1,6,63.50,64.25),(88,1,'2025-03-12',2,39,2,7,64.60,65.50),(88,2,'2025-03-13',3,40,3,8,65.70,66.75),(88,3,'2025-03-14',4,41,4,9,66.80,68.00),(88,4,'2025-03-15',5,42,5,10,67.90,69.25),(88,5,'2025-03-16',1,43,1,1,59.00,59.00),(89,1,'2025-03-17',2,44,2,2,60.10,60.25),(89,2,'2025-03-18',3,45,3,3,61.20,61.50),(89,3,'2025-03-19',4,46,4,4,62.30,62.75),(89,4,'2025-03-20',5,47,5,5,63.40,64.00),(89,5,'2025-03-21',1,48,1,6,64.50,65.25),(90,1,'2025-03-22',2,49,2,7,65.60,66.50),(90,2,'2025-03-23',3,50,3,8,66.70,67.75),(90,3,'2025-03-24',4,51,4,9,67.80,69.00),(90,4,'2025-03-25',5,52,5,10,68.90,70.25),(90,5,'2025-03-26',1,53,1,1,60.00,60.00),(91,1,'2025-03-27',2,54,2,2,61.10,61.25),(91,2,'2025-03-28',3,55,3,3,62.20,62.50),(91,3,'2025-03-29',4,56,4,4,63.30,63.75),(91,4,'2025-03-30',5,57,5,5,64.40,65.00),(91,5,'2025-03-31',1,58,1,6,65.50,66.25),(92,1,'2025-04-01',2,59,2,7,66.60,67.50),(92,2,'2025-04-02',3,60,3,8,67.70,68.75),(92,3,'2025-04-03',4,61,4,9,68.80,70.00),(92,4,'2025-04-04',5,62,5,10,69.90,71.25),(92,5,'2025-04-05',1,63,1,1,61.00,61.00),(93,1,'2025-04-06',2,64,2,2,62.10,62.25),(93,2,'2025-04-07',3,65,3,3,63.20,63.50),(93,3,'2025-04-08',4,66,4,4,64.30,64.75),(93,4,'2025-04-09',5,67,5,5,65.40,66.00),(93,5,'2025-04-10',1,68,1,6,66.50,67.25),(94,1,'2025-04-11',2,69,2,7,67.60,68.50),(94,2,'2025-04-12',3,70,3,8,68.70,69.75),(94,3,'2025-04-13',4,71,4,9,69.80,71.00),(94,4,'2025-04-14',5,72,5,10,70.90,72.25),(94,5,'2025-04-15',1,73,1,1,62.00,62.00),(95,1,'2025-04-16',2,74,2,2,63.10,63.25),(95,2,'2025-04-17',3,75,3,3,64.20,64.50),(95,3,'2025-04-18',4,76,4,4,65.30,65.75),(95,4,'2025-04-19',5,77,5,5,66.40,67.00),(95,5,'2025-04-20',1,78,1,6,67.50,68.25),(96,1,'2025-04-21',2,79,2,7,68.60,69.50),(96,2,'2025-04-22',3,80,3,8,69.70,70.75),(96,3,'2025-04-23',4,81,4,9,70.80,72.00),(96,4,'2025-04-24',5,82,5,10,71.90,73.25),(96,5,'2025-04-25',1,83,1,1,63.00,63.00),(97,1,'2025-04-26',2,84,2,2,64.10,64.25),(97,2,'2025-04-27',3,85,3,3,65.20,65.50),(97,3,'2025-04-28',4,86,4,4,66.30,66.75),(97,4,'2025-04-29',5,87,5,5,67.40,68.00),(97,5,'2025-04-30',1,88,1,6,68.50,69.25),(98,1,'2025-05-01',2,89,2,7,69.60,70.50),(98,2,'2025-05-02',3,90,3,8,70.70,71.75),(98,3,'2025-05-03',4,91,4,9,71.80,73.00),(98,4,'2025-05-04',5,92,5,10,72.90,74.25),(98,5,'2025-05-05',1,93,1,1,64.00,64.00),(99,1,'2025-05-06',2,94,2,2,65.10,65.25),(99,2,'2025-05-07',3,95,3,3,66.20,66.50),(99,3,'2025-05-08',4,96,4,4,67.30,67.75),(99,4,'2025-05-09',5,97,5,5,68.40,69.00),(99,5,'2025-05-10',1,98,1,6,69.50,70.25),(100,1,'2025-05-11',2,99,2,7,70.60,71.50),(100,2,'2025-05-12',3,100,3,8,71.70,72.75),(100,3,'2025-05-13',4,101,4,9,72.80,74.00),(100,4,'2025-05-14',5,102,5,10,73.90,75.25);
/*!40000 ALTER TABLE `sales` ENABLE KEYS */;
UNLOCK TABLES;
/*!40103 SET TIME_ZONE=@OLD_TIME_ZONE */;

/*!40101 SET SQL_MODE=@OLD_SQL_MODE */;
/*!40014 SET FOREIGN_KEY_CHECKS=@OLD_FOREIGN_KEY_CHECKS */;
/*!40014 SET UNIQUE_CHECKS=@OLD_UNIQUE_CHECKS */;
/*!40101 SET CHARACTER_SET_CLIENT=@OLD_CHARACTER_SET_CLIENT */;
/*!40101 SET CHARACTER_SET_RESULTS=@OLD_CHARACTER_SET_RESULTS */;
/*!40101 SET COLLATION_CONNECTION=@OLD_COLLATION_CONNECTION */;
/*!40111 SET SQL_NOTES=@OLD_SQL_NOTES */;

-- Dump completed on 2026-01-09 20:17:16
